raw_feature,importance,repeat,fold,rank,in_top_3
OverTime,0.08096875059021835,1,1,1.0,True
MonthlyIncome,0.0666712300068597,1,1,2.0,True
Age,0.060400790630076126,1,1,3.0,True
TotalWorkingYears,0.05211470562783366,1,1,4.0,False
DailyRate,0.05066419929364769,1,1,5.0,False
YearsAtCompany,0.04835107860938233,1,1,6.0,False
JobRole,0.04585119961332166,1,1,7.0,False
MonthlyRate,0.04394280025880445,1,1,8.0,False
HourlyRate,0.04127092234083169,1,1,9.0,False
DistanceFromHome,0.03852754511822239,1,1,10.0,False
YearsWithCurrManager,0.03751145979143003,1,1,11.0,False
StockOptionLevel,0.03601518006818536,1,1,12.0,False
PercentSalaryHike,0.02929620437777614,1,1,13.0,False
NumCompaniesWorked,0.02844059501727025,1,1,14.0,False
YearsInCurrentRole,0.028306748859600408,1,1,15.0,False
EducationField,0.027933005597173592,1,1,16.0,False
JobSatisfaction,0.02749511729327146,1,1,17.0,False
MaritalStatus,0.026925985054021887,1,1,18.0,False
EnvironmentSatisfaction,0.02653554405533129,1,1,19.0,False
JobLevel,0.02367108970490845,1,1,20.0,False
YearsSinceLastPromotion,0.02278333788297626,1,1,21.0,False
BusinessTravel,0.021841892201467553,1,1,22.0,False
TrainingTimesLastYear,0.02151717351626619,1,1,23.0,False
RelationshipSatisfaction,0.020399511100847655,1,1,24.0,False
WorkLifeBalance,0.01965179680018105,1,1,25.0,False
Education,0.018757583068462792,1,1,26.0,False
Department,0.018455547852644093,1,1,27.0,False
JobInvolvement,0.017455124012080797,1,1,28.0,False
Gender,0.014048100228361166,1,1,29.0,False
PerformanceRating,0.00419578142854544,1,1,30.0,False
OverTime,0.07703651335986356,1,2,1.0,True
MonthlyIncome,0.0703897982616053,1,2,2.0,True
Age,0.06283536961415412,1,2,3.0,True
TotalWorkingYears,0.05016975300871545,1,2,4.0,False
DailyRate,0.04959704894511053,1,2,5.0,False
JobRole,0.04467844855577843,1,2,6.0,False
YearsAtCompany,0.044612502699797066,1,2,7.0,False
MonthlyRate,0.04354659759233661,1,2,8.0,False
HourlyRate,0.042240161655263904,1,2,9.0,False
YearsWithCurrManager,0.040229663609577145,1,2,10.0,False
DistanceFromHome,0.03958343700133247,1,2,11.0,False
NumCompaniesWorked,0.03285567004580058,1,2,12.0,False
StockOptionLevel,0.03133884558753696,1,2,13.0,False
MaritalStatus,0.030951303586667277,1,2,14.0,False
YearsInCurrentRole,0.030650758615107212,1,2,15.0,False
EducationField,0.028239397144970303,1,2,16.0,False
PercentSalaryHike,0.028216141241175722,1,2,17.0,False
JobSatisfaction,0.028207596996051413,1,2,18.0,False
JobLevel,0.025459535870043543,1,2,19.0,False
EnvironmentSatisfaction,0.02301582998431184,1,2,20.0,False
RelationshipSatisfaction,0.021645735596053928,1,2,21.0,False
TrainingTimesLastYear,0.021412775876012095,1,2,22.0,False
YearsSinceLastPromotion,0.020721079142121582,1,2,23.0,False
BusinessTravel,0.02026445609668326,1,2,24.0,False
Department,0.01915938648260753,1,2,25.0,False
Education,0.0185196598375186,1,2,26.0,False
WorkLifeBalance,0.017511227839610642,1,2,27.0,False
JobInvolvement,0.01735202510866211,1,2,28.0,False
Gender,0.015511368623002392,1,2,29.0,False
PerformanceRating,0.004047912022528528,1,2,30.0,False
OverTime,0.07556269549687628,1,3,1.0,True
MonthlyIncome,0.0672070172100775,1,3,2.0,True
Age,0.062274546060445295,1,3,3.0,True
DailyRate,0.0509366345938026,1,3,4.0,False
MonthlyRate,0.04594489066623571,1,3,5.0,False
TotalWorkingYears,0.0458099151653949,1,3,6.0,False
JobRole,0.04238878676050642,1,3,7.0,False
HourlyRate,0.04200369210036858,1,3,8.0,False
DistanceFromHome,0.04136046835642331,1,3,9.0,False
YearsAtCompany,0.03815611711843916,1,3,10.0,False
MaritalStatus,0.03794113037213417,1,3,11.0,False
EducationField,0.03373301504991232,1,3,12.0,False
PercentSalaryHike,0.03209534019240539,1,3,13.0,False
YearsInCurrentRole,0.030239424298563772,1,3,14.0,False
StockOptionLevel,0.029506415604598497,1,3,15.0,False
YearsWithCurrManager,0.028014467574094867,1,3,16.0,False
EnvironmentSatisfaction,0.02646372692184466,1,3,17.0,False
JobSatisfaction,0.02620831137382653,1,3,18.0,False
JobLevel,0.025659722738993945,1,3,19.0,False
NumCompaniesWorked,0.024431958025289677,1,3,20.0,False
RelationshipSatisfaction,0.02422199397225579,1,3,21.0,False
TrainingTimesLastYear,0.024066681394952917,1,3,22.0,False
YearsSinceLastPromotion,0.023363990388065324,1,3,23.0,False
JobInvolvement,0.022693039307716645,1,3,24.0,False
BusinessTravel,0.021858888148261302,1,3,25.0,False
WorkLifeBalance,0.021307227601721514,1,3,26.0,False
Department,0.01943887051652015,1,3,27.0,False
Education,0.019314870235645154,1,3,28.0,False
Gender,0.01346495496455705,1,3,29.0,False
PerformanceRating,0.004331207790070396,1,3,30.0,False
MonthlyIncome,0.0745291629506245,1,4,1.0,True
OverTime,0.07447031772872573,1,4,2.0,True
Age,0.05517589300343341,1,4,3.0,True
TotalWorkingYears,0.048081999947696075,1,4,4.0,False
DailyRate,0.0457619829656516,1,4,5.0,False
YearsAtCompany,0.04446644669903272,1,4,6.0,False
HourlyRate,0.044138221227466586,1,4,7.0,False
MonthlyRate,0.043645798446228,1,4,8.0,False
JobRole,0.04003925120850219,1,4,9.0,False
StockOptionLevel,0.0384715131278078,1,4,10.0,False
DistanceFromHome,0.036338547828489325,1,4,11.0,False
PercentSalaryHike,0.033481126763534014,1,4,12.0,False
NumCompaniesWorked,0.03322624258478412,1,4,13.0,False
JobLevel,0.03136357746676017,1,4,14.0,False
YearsWithCurrManager,0.031244711161312663,1,4,15.0,False
MaritalStatus,0.030758561765090058,1,4,16.0,False
EducationField,0.03056231130043691,1,4,17.0,False
EnvironmentSatisfaction,0.028888666175380353,1,4,18.0,False
JobSatisfaction,0.02743751858079486,1,4,19.0,False
YearsInCurrentRole,0.027397844367020186,1,4,20.0,False
YearsSinceLastPromotion,0.024103502337684816,1,4,21.0,False
TrainingTimesLastYear,0.023934959846268016,1,4,22.0,False
JobInvolvement,0.02008761440694534,1,4,23.0,False
RelationshipSatisfaction,0.019969413362866065,1,4,24.0,False
BusinessTravel,0.019698688013523858,1,4,25.0,False
Education,0.01930054686472261,1,4,26.0,False
WorkLifeBalance,0.019060176840645454,1,4,27.0,False
Department,0.01754770687313764,1,4,28.0,False
Gender,0.013294553566166082,1,4,29.0,False
PerformanceRating,0.0035231425892689786,1,4,30.0,False
OverTime,0.07537708013164499,1,5,1.0,True
MonthlyIncome,0.07160346197809636,1,5,2.0,True
DailyRate,0.051765796899442114,1,5,3.0,True
Age,0.049493006032911346,1,5,4.0,False
TotalWorkingYears,0.04493205316404905,1,5,5.0,False
YearsAtCompany,0.04446491601914423,1,5,6.0,False
JobRole,0.04330908591909425,1,5,7.0,False
MonthlyRate,0.042676401021290514,1,5,8.0,False
HourlyRate,0.04212397774665931,1,5,9.0,False
DistanceFromHome,0.03966043226884646,1,5,10.0,False
YearsWithCurrManager,0.034930682859752,1,5,11.0,False
EnvironmentSatisfaction,0.03362451091023994,1,5,12.0,False
MaritalStatus,0.0333395917325295,1,5,13.0,False
StockOptionLevel,0.03283286882453178,1,5,14.0,False
NumCompaniesWorked,0.031241745223671295,1,5,15.0,False
YearsInCurrentRole,0.030915601335784842,1,5,16.0,False
EducationField,0.03069064283889015,1,5,17.0,False
PercentSalaryHike,0.029473360210187722,1,5,18.0,False
JobLevel,0.02894046635745651,1,5,19.0,False
JobSatisfaction,0.026499094035378944,1,5,20.0,False
BusinessTravel,0.024062430237409404,1,5,21.0,False
YearsSinceLastPromotion,0.023159119571898885,1,5,22.0,False
TrainingTimesLastYear,0.021421233411878356,1,5,23.0,False
WorkLifeBalance,0.01973336722442994,1,5,24.0,False
RelationshipSatisfaction,0.01930408019544921,1,5,25.0,False
JobInvolvement,0.019207732691398686,1,5,26.0,False
Department,0.018458820181869336,1,5,27.0,False
Education,0.017240373848759556,1,5,28.0,False
Gender,0.015167780556181237,1,5,29.0,False
PerformanceRating,0.004350286571124116,1,5,30.0,False
MonthlyIncome,0.0758020516716918,2,1,1.0,True
OverTime,0.06868931270665704,2,1,2.0,True
Age,0.053822411819366645,2,1,3.0,True
DailyRate,0.04827604419569707,2,1,4.0,False
TotalWorkingYears,0.04637977262271734,2,1,5.0,False
MonthlyRate,0.04455509005177913,2,1,6.0,False
JobRole,0.04242087094536728,2,1,7.0,False
YearsAtCompany,0.042282166374112244,2,1,8.0,False
HourlyRate,0.04194728362591237,2,1,9.0,False
DistanceFromHome,0.03828884088679236,2,1,10.0,False
NumCompaniesWorked,0.03597181959116108,2,1,11.0,False
YearsWithCurrManager,0.03323643171740228,2,1,12.0,False
StockOptionLevel,0.03292667347216809,2,1,13.0,False
YearsInCurrentRole,0.03260176383157359,2,1,14.0,False
EnvironmentSatisfaction,0.0315657784605632,2,1,15.0,False
MaritalStatus,0.031073234995280787,2,1,16.0,False
JobLevel,0.030441382234615844,2,1,17.0,False
PercentSalaryHike,0.029808246081764314,2,1,18.0,False
EducationField,0.029169359106709862,2,1,19.0,False
JobSatisfaction,0.027164693536564404,2,1,20.0,False
YearsSinceLastPromotion,0.023464651519614216,2,1,21.0,False
TrainingTimesLastYear,0.022352223672137666,2,1,22.0,False
RelationshipSatisfaction,0.022105926660051643,2,1,23.0,False
BusinessTravel,0.02208346280131272,2,1,24.0,False
JobInvolvement,0.021868769227872873,2,1,25.0,False
Department,0.0206134834197131,2,1,26.0,False
Education,0.01875641948695245,2,1,27.0,False
WorkLifeBalance,0.01551887211716414,2,1,28.0,False
Gender,0.012691594705514448,2,1,29.0,False
PerformanceRating,0.004121368461769889,2,1,30.0,False
OverTime,0.08648570801562744,2,2,1.0,True
MonthlyIncome,0.07236561988123184,2,2,2.0,True
Age,0.05661476749774573,2,2,3.0,True
TotalWorkingYears,0.048352811812457853,2,2,4.0,False
DailyRate,0.04622701402248128,2,2,5.0,False
HourlyRate,0.04496062104896505,2,2,6.0,False
MonthlyRate,0.0436163311230006,2,2,7.0,False
YearsAtCompany,0.04309399117804157,2,2,8.0,False
JobRole,0.04113830574791428,2,2,9.0,False
DistanceFromHome,0.03989004363437203,2,2,10.0,False
MaritalStatus,0.03558684626546717,2,2,11.0,False
PercentSalaryHike,0.033683254064036945,2,2,12.0,False
EducationField,0.03012461403627236,2,2,13.0,False
EnvironmentSatisfaction,0.02966810463866338,2,2,14.0,False
YearsInCurrentRole,0.02966551954792414,2,2,15.0,False
YearsWithCurrManager,0.029199753352795895,2,2,16.0,False
StockOptionLevel,0.02899252674652607,2,2,17.0,False
NumCompaniesWorked,0.02809730446332824,2,2,18.0,False
JobLevel,0.02735790913521239,2,2,19.0,False
JobSatisfaction,0.02582634617735015,2,2,20.0,False
TrainingTimesLastYear,0.022178413631526013,2,2,21.0,False
YearsSinceLastPromotion,0.0212981313188713,2,2,22.0,False
WorkLifeBalance,0.020358455076312214,2,2,23.0,False
RelationshipSatisfaction,0.019909079218590985,2,2,24.0,False
JobInvolvement,0.019902013033092643,2,2,25.0,False
Department,0.01924539872573857,2,2,26.0,False
BusinessTravel,0.018836777591677387,2,2,27.0,False
Education,0.018409935586539913,2,2,28.0,False
Gender,0.01462572993330224,2,2,29.0,False
PerformanceRating,0.004288673494934218,2,2,30.0,False
MonthlyIncome,0.07367953992552385,2,3,1.0,True
OverTime,0.06734872637734615,2,3,2.0,True
Age,0.06084977527333959,2,3,3.0,True
DailyRate,0.05076054016556098,2,3,4.0,False
TotalWorkingYears,0.046656635654278314,2,3,5.0,False
JobRole,0.04651411936887474,2,3,6.0,False
DistanceFromHome,0.04632559060148118,2,3,7.0,False
MonthlyRate,0.044323062472755415,2,3,8.0,False
YearsAtCompany,0.04310558669829029,2,3,9.0,False
HourlyRate,0.04283655118862116,2,3,10.0,False
YearsWithCurrManager,0.034073980833083065,2,3,11.0,False
YearsInCurrentRole,0.031007238343472313,2,3,12.0,False
PercentSalaryHike,0.030979876192630772,2,3,13.0,False
StockOptionLevel,0.03061290784542916,2,3,14.0,False
EducationField,0.029545474140616583,2,3,15.0,False
MaritalStatus,0.028466512247573225,2,3,16.0,False
NumCompaniesWorked,0.026536128927843426,2,3,17.0,False
BusinessTravel,0.02611343134392258,2,3,18.0,False
JobSatisfaction,0.02532165459943716,2,3,19.0,False
YearsSinceLastPromotion,0.02477569677683728,2,3,20.0,False
TrainingTimesLastYear,0.024626506479470994,2,3,21.0,False
EnvironmentSatisfaction,0.024596161234338547,2,3,22.0,False
WorkLifeBalance,0.024531518733727845,2,3,23.0,False
JobLevel,0.02432440232400949,2,3,24.0,False
RelationshipSatisfaction,0.020348670625830897,2,3,25.0,False
Department,0.01901973398847239,2,3,26.0,False
JobInvolvement,0.018096623794334646,2,3,27.0,False
Education,0.016395145483165625,2,3,28.0,False
Gender,0.014090354577995241,2,3,29.0,False
PerformanceRating,0.004137853781737076,2,3,30.0,False
OverTime,0.08338362887754776,2,4,1.0,True
MonthlyIncome,0.06092866672254991,2,4,2.0,True
Age,0.05687621886768422,2,4,3.0,True
DailyRate,0.05062529829578753,2,4,4.0,False
TotalWorkingYears,0.04615132173453229,2,4,5.0,False
MonthlyRate,0.044755896844692014,2,4,6.0,False
JobRole,0.04376670002482152,2,4,7.0,False
HourlyRate,0.04353781122679021,2,4,8.0,False
YearsAtCompany,0.04273444996655411,2,4,9.0,False
DistanceFromHome,0.0392224887986218,2,4,10.0,False
StockOptionLevel,0.03529124843646928,2,4,11.0,False
YearsWithCurrManager,0.03257762758760077,2,4,12.0,False
YearsInCurrentRole,0.031113632730778922,2,4,13.0,False
NumCompaniesWorked,0.03100049133565894,2,4,14.0,False
PercentSalaryHike,0.030286798155516364,2,4,15.0,False
EducationField,0.03022409612783445,2,4,16.0,False
MaritalStatus,0.028537806316406185,2,4,17.0,False
JobLevel,0.028034798108330646,2,4,18.0,False
JobSatisfaction,0.027895871081230143,2,4,19.0,False
YearsSinceLastPromotion,0.0250725808057911,2,4,20.0,False
BusinessTravel,0.023580981173559393,2,4,21.0,False
TrainingTimesLastYear,0.022977106100791678,2,4,22.0,False
EnvironmentSatisfaction,0.022646801855460322,2,4,23.0,False
RelationshipSatisfaction,0.022418586991688895,2,4,24.0,False
Department,0.02055381521893932,2,4,25.0,False
JobInvolvement,0.01976468299121377,2,4,26.0,False
Education,0.01974120508612257,2,4,27.0,False
WorkLifeBalance,0.017095916876475197,2,4,28.0,False
Gender,0.015373264165757038,2,4,29.0,False
PerformanceRating,0.003830207494793665,2,4,30.0,False
OverTime,0.07456114001222766,2,5,1.0,True
MonthlyIncome,0.07394560439063574,2,5,2.0,True
Age,0.0584235904287913,2,5,3.0,True
DailyRate,0.04641031241655144,2,5,4.0,False
YearsAtCompany,0.04562847677902753,2,5,5.0,False
TotalWorkingYears,0.044613006958975306,2,5,6.0,False
JobRole,0.04364487419085409,2,5,7.0,False
StockOptionLevel,0.04321562288538754,2,5,8.0,False
MonthlyRate,0.04245252351511896,2,5,9.0,False
HourlyRate,0.03972040400236624,2,5,10.0,False
DistanceFromHome,0.03800444552448432,2,5,11.0,False
YearsWithCurrManager,0.03673839462183914,2,5,12.0,False
MaritalStatus,0.03300442781421917,2,5,13.0,False
NumCompaniesWorked,0.03213648592932497,2,5,14.0,False
EducationField,0.031518702846695563,2,5,15.0,False
PercentSalaryHike,0.030034251272377396,2,5,16.0,False
YearsInCurrentRole,0.02981713378329543,2,5,17.0,False
JobLevel,0.027946324484342585,2,5,18.0,False
JobSatisfaction,0.02792385398444708,2,5,19.0,False
EnvironmentSatisfaction,0.027334243166779928,2,5,20.0,False
YearsSinceLastPromotion,0.021974210628076134,2,5,21.0,False
RelationshipSatisfaction,0.021426980404745794,2,5,22.0,False
TrainingTimesLastYear,0.021038686746634873,2,5,23.0,False
JobInvolvement,0.019661855931676474,2,5,24.0,False
BusinessTravel,0.019574280682067926,2,5,25.0,False
Department,0.017015549097000947,2,5,26.0,False
Education,0.016752406153485506,2,5,27.0,False
WorkLifeBalance,0.016165048288414665,2,5,28.0,False
Gender,0.015381370759557039,2,5,29.0,False
PerformanceRating,0.003935792300599182,2,5,30.0,False
OverTime,0.07061816780798069,3,1,1.0,True
MonthlyIncome,0.06896667460895846,3,1,2.0,True
Age,0.05724330786721783,3,1,3.0,True
TotalWorkingYears,0.05116475991839867,3,1,4.0,False
DailyRate,0.050650784782924715,3,1,5.0,False
YearsAtCompany,0.04741214634053944,3,1,6.0,False
MonthlyRate,0.04434070431301442,3,1,7.0,False
HourlyRate,0.04317969972379562,3,1,8.0,False
JobRole,0.04117907774486091,3,1,9.0,False
DistanceFromHome,0.038552449087265586,3,1,10.0,False
YearsWithCurrManager,0.03538812522984303,3,1,11.0,False
EnvironmentSatisfaction,0.03389742989099772,3,1,12.0,False
YearsInCurrentRole,0.03389668148379038,3,1,13.0,False
NumCompaniesWorked,0.03177477279700644,3,1,14.0,False
PercentSalaryHike,0.031442083154423144,3,1,15.0,False
StockOptionLevel,0.03092464646685189,3,1,16.0,False
MaritalStatus,0.028426097313230207,3,1,17.0,False
EducationField,0.028208525499443894,3,1,18.0,False
JobSatisfaction,0.024735527988400532,3,1,19.0,False
BusinessTravel,0.024322635794991533,3,1,20.0,False
JobLevel,0.023321049236907483,3,1,21.0,False
YearsSinceLastPromotion,0.02184167639845394,3,1,22.0,False
TrainingTimesLastYear,0.021816691784560218,3,1,23.0,False
RelationshipSatisfaction,0.02181617957642295,3,1,24.0,False
WorkLifeBalance,0.02112675063976724,3,1,25.0,False
JobInvolvement,0.019916678063079344,3,1,26.0,False
Department,0.01800890535621142,3,1,27.0,False
Education,0.017690989068326057,3,1,28.0,False
Gender,0.013941410615648884,3,1,29.0,False
PerformanceRating,0.004195371446687376,3,1,30.0,False
MonthlyIncome,0.07556795557564126,3,2,1.0,True
OverTime,0.06197436085566671,3,2,2.0,True
Age,0.058430425650990075,3,2,3.0,True
DailyRate,0.048833988815553654,3,2,4.0,False
JobRole,0.0469831655024507,3,2,5.0,False
MonthlyRate,0.04486275130681134,3,2,6.0,False
TotalWorkingYears,0.04447299208117035,3,2,7.0,False
HourlyRate,0.04213982802630543,3,2,8.0,False
YearsAtCompany,0.04130858361054208,3,2,9.0,False
DistanceFromHome,0.038100000326515074,3,2,10.0,False
StockOptionLevel,0.0349853635359315,3,2,11.0,False
JobLevel,0.03322623694835208,3,2,12.0,False
YearsWithCurrManager,0.033135373952855436,3,2,13.0,False
MaritalStatus,0.03261084813769821,3,2,14.0,False
NumCompaniesWorked,0.0320860554701061,3,2,15.0,False
EducationField,0.03161388241082721,3,2,16.0,False
PercentSalaryHike,0.029967699826761635,3,2,17.0,False
JobSatisfaction,0.028581694834352953,3,2,18.0,False
EnvironmentSatisfaction,0.027044463764385296,3,2,19.0,False
YearsInCurrentRole,0.026069273602772437,3,2,20.0,False
BusinessTravel,0.023214501768656477,3,2,21.0,False
RelationshipSatisfaction,0.0232019124676411,3,2,22.0,False
TrainingTimesLastYear,0.022081045376571157,3,2,23.0,False
JobInvolvement,0.021842054570188296,3,2,24.0,False
YearsSinceLastPromotion,0.021768770257490546,3,2,25.0,False
Education,0.020008524380969978,3,2,26.0,False
Department,0.01935580068335318,3,2,27.0,False
WorkLifeBalance,0.018040360549549356,3,2,28.0,False
Gender,0.014277031536669545,3,2,29.0,False
PerformanceRating,0.004215054173220846,3,2,30.0,False
OverTime,0.08475774814581943,3,3,1.0,True
MonthlyIncome,0.07001924066386737,3,3,2.0,True
Age,0.05586028280841912,3,3,3.0,True
DailyRate,0.05233482570539478,3,3,4.0,False
TotalWorkingYears,0.046538489139766666,3,3,5.0,False
YearsAtCompany,0.04619864137284819,3,3,6.0,False
JobRole,0.043625543038637825,3,3,7.0,False
MonthlyRate,0.04351994267603911,3,3,8.0,False
HourlyRate,0.04246973360123708,3,3,9.0,False
DistanceFromHome,0.03908717185348917,3,3,10.0,False
YearsWithCurrManager,0.03662112532736254,3,3,11.0,False
MaritalStatus,0.03440125282578905,3,3,12.0,False
YearsInCurrentRole,0.03097896349653496,3,3,13.0,False
EducationField,0.030642536284741624,3,3,14.0,False
PercentSalaryHike,0.030353406562303314,3,3,15.0,False
NumCompaniesWorked,0.029989299523780818,3,3,16.0,False
StockOptionLevel,0.027919549349379527,3,3,17.0,False
JobSatisfaction,0.027875746492522387,3,3,18.0,False
JobLevel,0.027494301806263565,3,3,19.0,False
EnvironmentSatisfaction,0.023315446564066117,3,3,20.0,False
TrainingTimesLastYear,0.021697339766978182,3,3,21.0,False
YearsSinceLastPromotion,0.02140310971085855,3,3,22.0,False
WorkLifeBalance,0.021020633054800068,3,3,23.0,False
BusinessTravel,0.019213305288598874,3,3,24.0,False
RelationshipSatisfaction,0.019110137856468833,3,3,25.0,False
Education,0.018940265535964604,3,3,26.0,False
Department,0.018004713506917,3,3,27.0,False
Gender,0.01680494101292248,3,3,28.0,False
JobInvolvement,0.016024377274064784,3,3,29.0,False
PerformanceRating,0.0037779297541640717,3,3,30.0,False
OverTime,0.07804816152215188,3,4,1.0,True
MonthlyIncome,0.06761050978236963,3,4,2.0,True
Age,0.060231557669994544,3,4,3.0,True
TotalWorkingYears,0.050939145270241376,3,4,4.0,False
DailyRate,0.04787300732757506,3,4,5.0,False
DistanceFromHome,0.04490007554007139,3,4,6.0,False
JobRole,0.043543014340835476,3,4,7.0,False
MonthlyRate,0.0430698741241995,3,4,8.0,False
HourlyRate,0.04236360237733458,3,4,9.0,False
YearsAtCompany,0.039071404302044685,3,4,10.0,False
StockOptionLevel,0.035426450917415114,3,4,11.0,False
MaritalStatus,0.03413297986567947,3,4,12.0,False
YearsInCurrentRole,0.03276387069545554,3,4,13.0,False
PercentSalaryHike,0.03141754654932214,3,4,14.0,False
EducationField,0.03134586942201597,3,4,15.0,False
YearsWithCurrManager,0.03127312071121029,3,4,16.0,False
JobLevel,0.028354437772592174,3,4,17.0,False
JobSatisfaction,0.027726373347483707,3,4,18.0,False
NumCompaniesWorked,0.027611289500406564,3,4,19.0,False
EnvironmentSatisfaction,0.02673608871049655,3,4,20.0,False
YearsSinceLastPromotion,0.02494989390928931,3,4,21.0,False
TrainingTimesLastYear,0.02262870245031746,3,4,22.0,False
JobInvolvement,0.020624333420302197,3,4,23.0,False
BusinessTravel,0.019940821851243323,3,4,24.0,False
RelationshipSatisfaction,0.019421108659016226,3,4,25.0,False
Education,0.017888525012571578,3,4,26.0,False
Department,0.01654356174799552,3,4,27.0,False
WorkLifeBalance,0.01579039733959203,3,4,28.0,False
Gender,0.013264305456790642,3,4,29.0,False
PerformanceRating,0.0045099704039857835,3,4,30.0,False
OverTime,0.08925311101167398,3,5,1.0,True
MonthlyIncome,0.06068462005780897,3,5,2.0,True
Age,0.05812547574562835,3,5,3.0,True
DailyRate,0.049371699333942975,3,5,4.0,False
YearsAtCompany,0.046252667417082914,3,5,5.0,False
MonthlyRate,0.04508355361543448,3,5,6.0,False
JobRole,0.044595334845791326,3,5,7.0,False
TotalWorkingYears,0.04409831872989046,3,5,8.0,False
HourlyRate,0.04232115574224201,3,5,9.0,False
DistanceFromHome,0.039856695467513886,3,5,10.0,False
StockOptionLevel,0.03588964292394946,3,5,11.0,False
NumCompaniesWorked,0.030326223593304148,3,5,12.0,False
YearsWithCurrManager,0.030094438425303724,3,5,13.0,False
MaritalStatus,0.030064921193828864,3,5,14.0,False
YearsInCurrentRole,0.030034511740976735,3,5,15.0,False
PercentSalaryHike,0.029558982089060347,3,5,16.0,False
JobSatisfaction,0.027960118692826007,3,5,17.0,False
EducationField,0.02709456131980697,3,5,18.0,False
YearsSinceLastPromotion,0.025103607424476655,3,5,19.0,False
EnvironmentSatisfaction,0.025043695605038323,3,5,20.0,False
JobLevel,0.024856018079795764,3,5,21.0,False
BusinessTravel,0.024135025241910586,3,5,22.0,False
RelationshipSatisfaction,0.02290605496632151,3,5,23.0,False
TrainingTimesLastYear,0.021505548800378922,3,5,24.0,False
WorkLifeBalance,0.021297057753197818,3,5,25.0,False
Department,0.019522866470745755,3,5,26.0,False
JobInvolvement,0.018767246982113905,3,5,27.0,False
Education,0.01734958047920304,3,5,28.0,False
Gender,0.015167404847551294,3,5,29.0,False
PerformanceRating,0.0036798614032007393,3,5,30.0,False
OverTime,0.0818068817464338,4,1,1.0,True
MonthlyIncome,0.07183772190673657,4,1,2.0,True
Age,0.0557335863947766,4,1,3.0,True
TotalWorkingYears,0.050907614091208524,4,1,4.0,False
DailyRate,0.04913490244167177,4,1,5.0,False
MonthlyRate,0.043999941686939124,4,1,6.0,False
JobRole,0.04281835475724729,4,1,7.0,False
HourlyRate,0.04275138371323403,4,1,8.0,False
YearsAtCompany,0.042162243978253196,4,1,9.0,False
MaritalStatus,0.038322199642445015,4,1,10.0,False
StockOptionLevel,0.035871058783791106,4,1,11.0,False
DistanceFromHome,0.03575819291641325,4,1,12.0,False
YearsWithCurrManager,0.03219274011463797,4,1,13.0,False
YearsInCurrentRole,0.03156406121902571,4,1,14.0,False
PercentSalaryHike,0.029163256943125816,4,1,15.0,False
EducationField,0.028768256213405036,4,1,16.0,False
NumCompaniesWorked,0.02845388090936334,4,1,17.0,False
JobSatisfaction,0.026979668185364944,4,1,18.0,False
JobLevel,0.02649549370711676,4,1,19.0,False
EnvironmentSatisfaction,0.025074368939163982,4,1,20.0,False
TrainingTimesLastYear,0.023434909307488268,4,1,21.0,False
YearsSinceLastPromotion,0.021409840639865264,4,1,22.0,False
JobInvolvement,0.02068118135304281,4,1,23.0,False
RelationshipSatisfaction,0.020121352144207287,4,1,24.0,False
BusinessTravel,0.01980061798105518,4,1,25.0,False
Department,0.018859290608699612,4,1,26.0,False
WorkLifeBalance,0.018850693093578605,4,1,27.0,False
Education,0.01801729365218892,4,1,28.0,False
Gender,0.015527208128676266,4,1,29.0,False
PerformanceRating,0.0035018048008440762,4,1,30.0,False
OverTime,0.07015887597944942,4,2,1.0,True
MonthlyIncome,0.0643335156781739,4,2,2.0,True
Age,0.06106919115846418,4,2,3.0,True
DailyRate,0.0503201768152579,4,2,4.0,False
YearsAtCompany,0.04736576811329477,4,2,5.0,False
MonthlyRate,0.044460332781314255,4,2,6.0,False
HourlyRate,0.043945593718541155,4,2,7.0,False
TotalWorkingYears,0.04318624187792184,4,2,8.0,False
JobRole,0.04196581349132532,4,2,9.0,False
DistanceFromHome,0.0394438429067984,4,2,10.0,False
StockOptionLevel,0.03784051434648143,4,2,11.0,False
EnvironmentSatisfaction,0.033234530827775,4,2,12.0,False
MaritalStatus,0.03274963607343466,4,2,13.0,False
EducationField,0.031984454549153774,4,2,14.0,False
YearsWithCurrManager,0.031817819369167784,4,2,15.0,False
YearsInCurrentRole,0.02992584215590432,4,2,16.0,False
PercentSalaryHike,0.029495347358906538,4,2,17.0,False
JobSatisfaction,0.029201022175039823,4,2,18.0,False
NumCompaniesWorked,0.027801372330616723,4,2,19.0,False
JobLevel,0.02259124816048186,4,2,20.0,False
YearsSinceLastPromotion,0.022512644005991397,4,2,21.0,False
BusinessTravel,0.02218751105771309,4,2,22.0,False
JobInvolvement,0.0219551428384163,4,2,23.0,False
TrainingTimesLastYear,0.021514129251447304,4,2,24.0,False
WorkLifeBalance,0.020975837404791607,4,2,25.0,False
RelationshipSatisfaction,0.02065475597008206,4,2,26.0,False
Department,0.02005086436594801,4,2,27.0,False
Education,0.019050127863515252,4,2,28.0,False
Gender,0.014128309598733655,4,2,29.0,False
PerformanceRating,0.004079537775858236,4,2,30.0,False
OverTime,0.07907091542314468,4,3,1.0,True
MonthlyIncome,0.07434949098109012,4,3,2.0,True
Age,0.05405360409870331,4,3,3.0,True
DailyRate,0.049809102893638706,4,3,4.0,False
MonthlyRate,0.04519149771377791,4,3,5.0,False
JobRole,0.04505014956501528,4,3,6.0,False
DistanceFromHome,0.04495172453621505,4,3,7.0,False
TotalWorkingYears,0.04453212525516267,4,3,8.0,False
HourlyRate,0.0436732277114005,4,3,9.0,False
YearsAtCompany,0.03897230438385799,4,3,10.0,False
YearsWithCurrManager,0.03321526583977077,4,3,11.0,False
MaritalStatus,0.03152887652783709,4,3,12.0,False
NumCompaniesWorked,0.030802141369904605,4,3,13.0,False
PercentSalaryHike,0.030655060084111004,4,3,14.0,False
JobSatisfaction,0.030578334310206134,4,3,15.0,False
EducationField,0.028977361523685588,4,3,16.0,False
StockOptionLevel,0.028842604972222262,4,3,17.0,False
JobLevel,0.02760613824958001,4,3,18.0,False
YearsInCurrentRole,0.027161536383245314,4,3,19.0,False
YearsSinceLastPromotion,0.024135773037248436,4,3,20.0,False
EnvironmentSatisfaction,0.023994287436128477,4,3,21.0,False
RelationshipSatisfaction,0.02390195517469328,4,3,22.0,False
JobInvolvement,0.02134209998208139,4,3,23.0,False
TrainingTimesLastYear,0.021294696215344317,4,3,24.0,False
BusinessTravel,0.021100707381653278,4,3,25.0,False
Department,0.020324666910728543,4,3,26.0,False
WorkLifeBalance,0.01730557202969075,4,3,27.0,False
Education,0.01686235690665207,4,3,28.0,False
Gender,0.016295652239178508,4,3,29.0,False
PerformanceRating,0.00442077086403174,4,3,30.0,False
OverTime,0.07750921150122574,4,4,1.0,True
MonthlyIncome,0.07749592575571142,4,4,2.0,True
Age,0.05585552336231706,4,4,3.0,True
TotalWorkingYears,0.049110436146713496,4,4,4.0,False
YearsAtCompany,0.04863208218709557,4,4,5.0,False
DailyRate,0.04721633841811017,4,4,6.0,False
JobRole,0.046211930672882325,4,4,7.0,False
MonthlyRate,0.04434201643129377,4,4,8.0,False
HourlyRate,0.04182317528780839,4,4,9.0,False
DistanceFromHome,0.03951190073647144,4,4,10.0,False
JobLevel,0.03581520149265345,4,4,11.0,False
YearsWithCurrManager,0.03303501280630836,4,4,12.0,False
YearsInCurrentRole,0.030522301493485636,4,4,13.0,False
PercentSalaryHike,0.030323870564532153,4,4,14.0,False
EducationField,0.02968005740423764,4,4,15.0,False
NumCompaniesWorked,0.02878856700910089,4,4,16.0,False
MaritalStatus,0.027937657850949003,4,4,17.0,False
JobSatisfaction,0.02627927377610347,4,4,18.0,False
StockOptionLevel,0.02552148082623418,4,4,19.0,False
EnvironmentSatisfaction,0.025180566924750528,4,4,20.0,False
BusinessTravel,0.02423535270748716,4,4,21.0,False
YearsSinceLastPromotion,0.02356392680645478,4,4,22.0,False
TrainingTimesLastYear,0.02107465636922919,4,4,23.0,False
Department,0.020607785892945506,4,4,24.0,False
RelationshipSatisfaction,0.019580025950916076,4,4,25.0,False
JobInvolvement,0.01798677817746685,4,4,26.0,False
Education,0.01794036873871544,4,4,27.0,False
WorkLifeBalance,0.01738295148278146,4,4,28.0,False
Gender,0.012948082473499326,4,4,29.0,False
PerformanceRating,0.003887540752519537,4,4,30.0,False
OverTime,0.07934170532147133,4,5,1.0,True
MonthlyIncome,0.06589070128930641,4,5,2.0,True
Age,0.05510772160987128,4,5,3.0,True
DailyRate,0.04794600434557893,4,5,4.0,False
TotalWorkingYears,0.04734170488155892,4,5,5.0,False
YearsAtCompany,0.04391068479156995,4,5,6.0,False
JobRole,0.04209200516704685,4,5,7.0,False
HourlyRate,0.040999459935809245,4,5,8.0,False
MonthlyRate,0.04055847577775325,4,5,9.0,False
DistanceFromHome,0.04041495436820736,4,5,10.0,False
StockOptionLevel,0.03476888933543113,4,5,11.0,False
YearsWithCurrManager,0.03443694080866302,4,5,12.0,False
MaritalStatus,0.03302029065386437,4,5,13.0,False
YearsInCurrentRole,0.0321460788709797,4,5,14.0,False
PercentSalaryHike,0.03147731329469901,4,5,15.0,False
NumCompaniesWorked,0.031401982964393935,4,5,16.0,False
EducationField,0.029854577694119207,4,5,17.0,False
EnvironmentSatisfaction,0.029434460682797346,4,5,18.0,False
JobLevel,0.029420497665167057,4,5,19.0,False
JobSatisfaction,0.026058781368510628,4,5,20.0,False
YearsSinceLastPromotion,0.023430375944937864,4,5,21.0,False
TrainingTimesLastYear,0.02333375443715119,4,5,22.0,False
WorkLifeBalance,0.022390626083390947,4,5,23.0,False
BusinessTravel,0.022361138858812146,4,5,24.0,False
RelationshipSatisfaction,0.021961192019006752,4,5,25.0,False
Education,0.018134240949009974,4,5,26.0,False
JobInvolvement,0.017420309014325626,4,5,27.0,False
Department,0.01712405220022356,4,5,28.0,False
Gender,0.014040113926636545,4,5,29.0,False
PerformanceRating,0.004180965739706479,4,5,30.0,False
MonthlyIncome,0.07301564344116367,5,1,1.0,True
OverTime,0.07068445150814748,5,1,2.0,True
Age,0.05695504988807326,5,1,3.0,True
DailyRate,0.051713531031918905,5,1,4.0,False
TotalWorkingYears,0.051174663070274795,5,1,5.0,False
JobRole,0.04490384474108275,5,1,6.0,False
YearsAtCompany,0.044844739259778665,5,1,7.0,False
HourlyRate,0.043640457011578274,5,1,8.0,False
MonthlyRate,0.041222914318676765,5,1,9.0,False
DistanceFromHome,0.039875310171051226,5,1,10.0,False
YearsWithCurrManager,0.036071966783282394,5,1,11.0,False
EducationField,0.032262414338839786,5,1,12.0,False
NumCompaniesWorked,0.03215588871828421,5,1,13.0,False
PercentSalaryHike,0.030901692832485835,5,1,14.0,False
YearsInCurrentRole,0.0305677529016925,5,1,15.0,False
StockOptionLevel,0.03002150483647078,5,1,16.0,False
MaritalStatus,0.029365531737927233,5,1,17.0,False
JobLevel,0.027647112382694294,5,1,18.0,False
JobSatisfaction,0.026304084396508935,5,1,19.0,False
YearsSinceLastPromotion,0.024565108999265773,5,1,20.0,False
TrainingTimesLastYear,0.024236791539239518,5,1,21.0,False
EnvironmentSatisfaction,0.022959460965730163,5,1,22.0,False
BusinessTravel,0.022009970220327333,5,1,23.0,False
RelationshipSatisfaction,0.020610755972499024,5,1,24.0,False
Department,0.020317300256719944,5,1,25.0,False
Education,0.01799063148905867,5,1,26.0,False
JobInvolvement,0.017681098927574218,5,1,27.0,False
WorkLifeBalance,0.01730192516597816,5,1,28.0,False
Gender,0.015102805693751255,5,1,29.0,False
PerformanceRating,0.0038955973999242033,5,1,30.0,False
OverTime,0.06950819036560715,5,2,1.0,True
MonthlyIncome,0.06618861765861683,5,2,2.0,True
Age,0.0581266154321447,5,2,3.0,True
DailyRate,0.05141138760360695,5,2,4.0,False
JobRole,0.045890723574057365,5,2,5.0,False
HourlyRate,0.04482121107193358,5,2,6.0,False
MonthlyRate,0.044808019680924654,5,2,7.0,False
DistanceFromHome,0.044636675659799736,5,2,8.0,False
YearsAtCompany,0.042703112274226844,5,2,9.0,False
TotalWorkingYears,0.04146907517266896,5,2,10.0,False
StockOptionLevel,0.03477493629571602,5,2,11.0,False
PercentSalaryHike,0.03442292720978234,5,2,12.0,False
MaritalStatus,0.03265785690018768,5,2,13.0,False
YearsInCurrentRole,0.03176320500101895,5,2,14.0,False
EducationField,0.03168437614454622,5,2,15.0,False
NumCompaniesWorked,0.03113923111542844,5,2,16.0,False
EnvironmentSatisfaction,0.029763791194256303,5,2,17.0,False
YearsWithCurrManager,0.029459219367320773,5,2,18.0,False
JobSatisfaction,0.027176993737148023,5,2,19.0,False
JobLevel,0.02607688212142174,5,2,20.0,False
BusinessTravel,0.02431599943015856,5,2,21.0,False
TrainingTimesLastYear,0.023174340192749644,5,2,22.0,False
YearsSinceLastPromotion,0.02123003899860965,5,2,23.0,False
RelationshipSatisfaction,0.020434193649514612,5,2,24.0,False
JobInvolvement,0.020287941800217146,5,2,25.0,False
WorkLifeBalance,0.018393171146894847,5,2,26.0,False
Education,0.018360958423605498,5,2,27.0,False
Department,0.017839258249631954,5,2,28.0,False
Gender,0.013064835901131715,5,2,29.0,False
PerformanceRating,0.0044162146270731225,5,2,30.0,False
OverTime,0.08164579085943531,5,3,1.0,True
MonthlyIncome,0.07622585420440522,5,3,2.0,True
Age,0.0554109325604968,5,3,3.0,True
TotalWorkingYears,0.05213085611158251,5,3,4.0,False
DailyRate,0.044672612005568386,5,3,5.0,False
MonthlyRate,0.04370487176550308,5,3,6.0,False
YearsAtCompany,0.0435851545055771,5,3,7.0,False
HourlyRate,0.04264201969840097,5,3,8.0,False
DistanceFromHome,0.04168751095409782,5,3,9.0,False
JobRole,0.041485513474715394,5,3,10.0,False
StockOptionLevel,0.03502559763944285,5,3,11.0,False
PercentSalaryHike,0.030958781536515125,5,3,12.0,False
YearsInCurrentRole,0.030702494548052364,5,3,13.0,False
MaritalStatus,0.030337116804372104,5,3,14.0,False
YearsWithCurrManager,0.030122068724192718,5,3,15.0,False
EducationField,0.027991335975886066,5,3,16.0,False
JobSatisfaction,0.027656966618832036,5,3,17.0,False
JobLevel,0.02742166965847965,5,3,18.0,False
NumCompaniesWorked,0.026898879448866132,5,3,19.0,False
BusinessTravel,0.025196963840465266,5,3,20.0,False
EnvironmentSatisfaction,0.02373527200496582,5,3,21.0,False
RelationshipSatisfaction,0.021977547484955753,5,3,22.0,False
YearsSinceLastPromotion,0.021914110792930624,5,3,23.0,False
JobInvolvement,0.021128329903799856,5,3,24.0,False
WorkLifeBalance,0.019730958132076686,5,3,25.0,False
TrainingTimesLastYear,0.019721227614494984,5,3,26.0,False
Department,0.019552937404050164,5,3,27.0,False
Education,0.017126351765238936,5,3,28.0,False
Gender,0.015339650700858253,5,3,29.0,False
PerformanceRating,0.004270623261741884,5,3,30.0,False
OverTime,0.0814376772497207,5,4,1.0,True
MonthlyIncome,0.07208678491158334,5,4,2.0,True
Age,0.06190564489858911,5,4,3.0,True
DailyRate,0.04870212880935009,5,4,4.0,False
TotalWorkingYears,0.044489641449413725,5,4,5.0,False
JobRole,0.04406964157284887,5,4,6.0,False
HourlyRate,0.04370088656303444,5,4,7.0,False
MonthlyRate,0.04193957003644259,5,4,8.0,False
YearsAtCompany,0.04144553447776294,5,4,9.0,False
DistanceFromHome,0.03659351094433803,5,4,10.0,False
JobLevel,0.03455097174370525,5,4,11.0,False
YearsWithCurrManager,0.0339703002894593,5,4,12.0,False
StockOptionLevel,0.03287060950899131,5,4,13.0,False
EnvironmentSatisfaction,0.03240932015416654,5,4,14.0,False
NumCompaniesWorked,0.03187160785141719,5,4,15.0,False
EducationField,0.02832425584289725,5,4,16.0,False
YearsInCurrentRole,0.02820097182215599,5,4,17.0,False
PercentSalaryHike,0.02795709024600377,5,4,18.0,False
MaritalStatus,0.02734710048281957,5,4,19.0,False
JobSatisfaction,0.02643210588590427,5,4,20.0,False
RelationshipSatisfaction,0.022224874051899577,5,4,21.0,False
YearsSinceLastPromotion,0.02217074100263441,5,4,22.0,False
TrainingTimesLastYear,0.021499301032197674,5,4,23.0,False
WorkLifeBalance,0.021228569014024427,5,4,24.0,False
BusinessTravel,0.019133445091157865,5,4,25.0,False
JobInvolvement,0.01903013269156535,5,4,26.0,False
Education,0.01897468274102502,5,4,27.0,False
Department,0.017063365310189486,5,4,28.0,False
Gender,0.014077865268615396,5,4,29.0,False
PerformanceRating,0.004291669056086773,5,4,30.0,False
OverTime,0.08522230123522909,5,5,1.0,True
MonthlyIncome,0.06100099954428425,5,5,2.0,True
Age,0.05606632414751715,5,5,3.0,True
DailyRate,0.050432007587983246,5,5,4.0,False
YearsAtCompany,0.04581345449576593,5,5,5.0,False
TotalWorkingYears,0.04491701706050246,5,5,6.0,False
JobRole,0.04428049843262201,5,5,7.0,False
MonthlyRate,0.04281099917925471,5,5,8.0,False
HourlyRate,0.039966554056952035,5,5,9.0,False
StockOptionLevel,0.03957356826628422,5,5,10.0,False
DistanceFromHome,0.03872508765620099,5,5,11.0,False
YearsWithCurrManager,0.03830247806107252,5,5,12.0,False
MaritalStatus,0.034114249512213195,5,5,13.0,False
YearsInCurrentRole,0.03149218696232827,5,5,14.0,False
NumCompaniesWorked,0.030517646573764712,5,5,15.0,False
PercentSalaryHike,0.029448347942202396,5,5,16.0,False
EducationField,0.029286259862775645,5,5,17.0,False
JobSatisfaction,0.02888920080105278,5,5,18.0,False
EnvironmentSatisfaction,0.025688512561978225,5,5,19.0,False
JobLevel,0.024258617232711957,5,5,20.0,False
YearsSinceLastPromotion,0.023033091690151098,5,5,21.0,False
TrainingTimesLastYear,0.022156827212622875,5,5,22.0,False
JobInvolvement,0.020864921129142986,5,5,23.0,False
RelationshipSatisfaction,0.0206538398000107,5,5,24.0,False
BusinessTravel,0.019151802159992827,5,5,25.0,False
Department,0.0187716487728257,5,5,26.0,False
Education,0.018680231444364766,5,5,27.0,False
WorkLifeBalance,0.017268855810088496,5,5,28.0,False
Gender,0.014516533579721182,5,5,29.0,False
PerformanceRating,0.004095937228383754,5,5,30.0,False
OverTime,0.07679365870119649,6,1,1.0,True
MonthlyIncome,0.0735831376133718,6,1,2.0,True
DailyRate,0.05167127824572583,6,1,3.0,True
Age,0.05120004814284445,6,1,4.0,False
TotalWorkingYears,0.04888644674693819,6,1,5.0,False
YearsAtCompany,0.04638149105301931,6,1,6.0,False
MonthlyRate,0.04496565210537342,6,1,7.0,False
JobRole,0.042799530464741914,6,1,8.0,False
HourlyRate,0.04213054093124461,6,1,9.0,False
DistanceFromHome,0.03909074540169285,6,1,10.0,False
YearsWithCurrManager,0.038888161094265454,6,1,11.0,False
EducationField,0.030215984916385576,6,1,12.0,False
PercentSalaryHike,0.03003205757841016,6,1,13.0,False
YearsInCurrentRole,0.029709265679315165,6,1,14.0,False
EnvironmentSatisfaction,0.02966464332539615,6,1,15.0,False
JobSatisfaction,0.029426972000840778,6,1,16.0,False
StockOptionLevel,0.02878251809629208,6,1,17.0,False
NumCompaniesWorked,0.028726738238321822,6,1,18.0,False
MaritalStatus,0.026841534249620342,6,1,19.0,False
JobLevel,0.02428097356034308,6,1,20.0,False
YearsSinceLastPromotion,0.02322050686912675,6,1,21.0,False
BusinessTravel,0.022377765177302476,6,1,22.0,False
TrainingTimesLastYear,0.02166867646388982,6,1,23.0,False
RelationshipSatisfaction,0.020444507212074397,6,1,24.0,False
Department,0.020387753667571763,6,1,25.0,False
WorkLifeBalance,0.020314906914356067,6,1,26.0,False
Education,0.019358620376735435,6,1,27.0,False
JobInvolvement,0.01906335603351394,6,1,28.0,False
Gender,0.014495998750871566,6,1,29.0,False
PerformanceRating,0.004596530389218348,6,1,30.0,False
OverTime,0.07429769362169267,6,2,1.0,True
MonthlyIncome,0.06503841041553468,6,2,2.0,True
Age,0.05492984705795073,6,2,3.0,True
DailyRate,0.04840216840545237,6,2,4.0,False
MonthlyRate,0.04813559694157668,6,2,5.0,False
TotalWorkingYears,0.04390238596782175,6,2,6.0,False
JobRole,0.043734144319866844,6,2,7.0,False
HourlyRate,0.0435742224968857,6,2,8.0,False
YearsAtCompany,0.0432220862804117,6,2,9.0,False
DistanceFromHome,0.04262806432453181,6,2,10.0,False
StockOptionLevel,0.03968481959687803,6,2,11.0,False
MaritalStatus,0.036339934561277286,6,2,12.0,False
YearsInCurrentRole,0.03151809933796403,6,2,13.0,False
YearsWithCurrManager,0.030531197751559522,6,2,14.0,False
JobSatisfaction,0.02964086034099622,6,2,15.0,False
NumCompaniesWorked,0.029635551860771776,6,2,16.0,False
PercentSalaryHike,0.029411308718554515,6,2,17.0,False
EducationField,0.029259614763660666,6,2,18.0,False
EnvironmentSatisfaction,0.02847977645209886,6,2,19.0,False
BusinessTravel,0.026225127677837943,6,2,20.0,False
JobLevel,0.023276723207953372,6,2,21.0,False
TrainingTimesLastYear,0.022696820037337993,6,2,22.0,False
RelationshipSatisfaction,0.02030409493569506,6,2,23.0,False
JobInvolvement,0.02027185193947375,6,2,24.0,False
WorkLifeBalance,0.020156401466445158,6,2,25.0,False
YearsSinceLastPromotion,0.01984051785610241,6,2,26.0,False
Department,0.018376210893523832,6,2,27.0,False
Education,0.018252713424976356,6,2,28.0,False
Gender,0.014165372071304187,6,2,29.0,False
PerformanceRating,0.004068383273864037,6,2,30.0,False
OverTime,0.07468851380203619,6,3,1.0,True
MonthlyIncome,0.06857880350705728,6,3,2.0,True
Age,0.056940820756763204,6,3,3.0,True
TotalWorkingYears,0.049272481544782414,6,3,4.0,False
DailyRate,0.047607069667145216,6,3,5.0,False
MonthlyRate,0.04433534568083618,6,3,6.0,False
HourlyRate,0.044015113611376215,6,3,7.0,False
JobRole,0.043735528300137626,6,3,8.0,False
YearsAtCompany,0.04242688513779991,6,3,9.0,False
DistanceFromHome,0.0404310314066078,6,3,10.0,False
YearsWithCurrManager,0.03473505537945201,6,3,11.0,False
MaritalStatus,0.03416292439297948,6,3,12.0,False
StockOptionLevel,0.034061565333929136,6,3,13.0,False
YearsInCurrentRole,0.030824695367545764,6,3,14.0,False
EducationField,0.030754430367593767,6,3,15.0,False
PercentSalaryHike,0.030220289987383603,6,3,16.0,False
NumCompaniesWorked,0.02923965475255844,6,3,17.0,False
JobLevel,0.027578564410720277,6,3,18.0,False
EnvironmentSatisfaction,0.0266336477102848,6,3,19.0,False
YearsSinceLastPromotion,0.02637382747442108,6,3,20.0,False
JobSatisfaction,0.02469607514253514,6,3,21.0,False
TrainingTimesLastYear,0.023887532875423015,6,3,22.0,False
RelationshipSatisfaction,0.021805410040012865,6,3,23.0,False
WorkLifeBalance,0.02164078899745289,6,3,24.0,False
Education,0.019265194381742148,6,3,25.0,False
BusinessTravel,0.01837040738521857,6,3,26.0,False
Department,0.01782485910786268,6,3,27.0,False
JobInvolvement,0.017796649752411194,6,3,28.0,False
Gender,0.013865257142832937,6,3,29.0,False
PerformanceRating,0.004231576583098227,6,3,30.0,False
OverTime,0.0763024981371575,6,4,1.0,True
MonthlyIncome,0.06879369589920827,6,4,2.0,True
Age,0.057825261469740354,6,4,3.0,True
TotalWorkingYears,0.04622580120589875,6,4,4.0,False
DailyRate,0.04618587046393667,6,4,5.0,False
HourlyRate,0.04502816623546058,6,4,6.0,False
YearsAtCompany,0.04453993937020536,6,4,7.0,False
JobRole,0.04386119804942067,6,4,8.0,False
MonthlyRate,0.04363601465903224,6,4,9.0,False
DistanceFromHome,0.03764923847669515,6,4,10.0,False
YearsWithCurrManager,0.037378525064480576,6,4,11.0,False
YearsInCurrentRole,0.034067315267060375,6,4,12.0,False
StockOptionLevel,0.033959595510083034,6,4,13.0,False
NumCompaniesWorked,0.032140138878040105,6,4,14.0,False
PercentSalaryHike,0.03170719415074675,6,4,15.0,False
MaritalStatus,0.030724603384362684,6,4,16.0,False
EducationField,0.030267920216880694,6,4,17.0,False
JobLevel,0.029624079894823838,6,4,18.0,False
EnvironmentSatisfaction,0.027791244786691944,6,4,19.0,False
JobSatisfaction,0.02450537090581576,6,4,20.0,False
BusinessTravel,0.023934552264670526,6,4,21.0,False
YearsSinceLastPromotion,0.022460620948242957,6,4,22.0,False
RelationshipSatisfaction,0.02204568120020178,6,4,23.0,False
TrainingTimesLastYear,0.02069173666988697,6,4,24.0,False
Department,0.019441992272646084,6,4,25.0,False
JobInvolvement,0.01926736833839031,6,4,26.0,False
Education,0.01636991008645932,6,4,27.0,False
WorkLifeBalance,0.016265208887142217,6,4,28.0,False
Gender,0.0135190171610357,6,4,29.0,False
PerformanceRating,0.0037902401455828165,6,4,30.0,False
OverTime,0.07697593399031852,6,5,1.0,True
MonthlyIncome,0.07460328611687861,6,5,2.0,True
Age,0.06175340622810764,6,5,3.0,True
DailyRate,0.04822758793292969,6,5,4.0,False
TotalWorkingYears,0.04821773102438801,6,5,5.0,False
MonthlyRate,0.045940447726298655,6,5,6.0,False
JobRole,0.04326680774433619,6,5,7.0,False
DistanceFromHome,0.040524176822205965,6,5,8.0,False
HourlyRate,0.03915934574452214,6,5,9.0,False
YearsAtCompany,0.03846421990742824,6,5,10.0,False
MaritalStatus,0.03606233897323577,6,5,11.0,False
JobLevel,0.03471074672163273,6,5,12.0,False
StockOptionLevel,0.03421031659644309,6,5,13.0,False
YearsWithCurrManager,0.029334562057110103,6,5,14.0,False
PercentSalaryHike,0.028832725527589816,6,5,15.0,False
NumCompaniesWorked,0.028434895538388558,6,5,16.0,False
JobSatisfaction,0.02834694365509432,6,5,17.0,False
YearsInCurrentRole,0.028272473543146857,6,5,18.0,False
EducationField,0.027795651561026154,6,5,19.0,False
EnvironmentSatisfaction,0.024640623356939454,6,5,20.0,False
YearsSinceLastPromotion,0.023772133035954213,6,5,21.0,False
JobInvolvement,0.02292319728447184,6,5,22.0,False
RelationshipSatisfaction,0.021574933393275066,6,5,23.0,False
TrainingTimesLastYear,0.020386445356295458,6,5,24.0,False
Department,0.01913463108685353,6,5,25.0,False
WorkLifeBalance,0.018950685356707034,6,5,26.0,False
BusinessTravel,0.018411739951909457,6,5,27.0,False
Education,0.017334931899254728,6,5,28.0,False
Gender,0.016149446915602612,6,5,29.0,False
PerformanceRating,0.003587634951655595,6,5,30.0,False
MonthlyIncome,0.07173970478148202,7,1,1.0,True
Age,0.05701692596364009,7,1,2.0,True
OverTime,0.05624818834808154,7,1,3.0,True
DailyRate,0.048502410932535794,7,1,4.0,False
TotalWorkingYears,0.04660810499200701,7,1,5.0,False
MonthlyRate,0.04563295072432215,7,1,6.0,False
HourlyRate,0.04476934467953447,7,1,7.0,False
YearsAtCompany,0.04424091938283573,7,1,8.0,False
JobRole,0.04279951444651365,7,1,9.0,False
DistanceFromHome,0.04157874817191416,7,1,10.0,False
StockOptionLevel,0.03518896482336652,7,1,11.0,False
YearsWithCurrManager,0.0346006522438364,7,1,12.0,False
MaritalStatus,0.0333594439857161,7,1,13.0,False
EducationField,0.03197254444206144,7,1,14.0,False
PercentSalaryHike,0.03143637209059114,7,1,15.0,False
JobLevel,0.03005561173552438,7,1,16.0,False
YearsInCurrentRole,0.029463769301303268,7,1,17.0,False
EnvironmentSatisfaction,0.028705439555385712,7,1,18.0,False
NumCompaniesWorked,0.02805986349217417,7,1,19.0,False
JobSatisfaction,0.02716116702500359,7,1,20.0,False
TrainingTimesLastYear,0.023946458675740957,7,1,21.0,False
YearsSinceLastPromotion,0.023906789137516298,7,1,22.0,False
BusinessTravel,0.023832652970140117,7,1,23.0,False
RelationshipSatisfaction,0.023480127358538657,7,1,24.0,False
Education,0.01929556513203461,7,1,25.0,False
Department,0.019053775134456094,7,1,26.0,False
JobInvolvement,0.01880117811723574,7,1,27.0,False
WorkLifeBalance,0.018224863872508486,7,1,28.0,False
Gender,0.016432528713948884,7,1,29.0,False
PerformanceRating,0.0038854197700508553,7,1,30.0,False
OverTime,0.07916543717432106,7,2,1.0,True
MonthlyIncome,0.06805708056609812,7,2,2.0,True
Age,0.05055852405151652,7,2,3.0,True
DailyRate,0.048560889579494206,7,2,4.0,False
YearsAtCompany,0.0470647316253364,7,2,5.0,False
TotalWorkingYears,0.045022188139689806,7,2,6.0,False
MonthlyRate,0.04472454825498067,7,2,7.0,False
DistanceFromHome,0.042858848018179005,7,2,8.0,False
HourlyRate,0.04199944969419381,7,2,9.0,False
JobRole,0.04123246202246927,7,2,10.0,False
YearsWithCurrManager,0.034159889975254376,7,2,11.0,False
StockOptionLevel,0.032460358796202966,7,2,12.0,False
EnvironmentSatisfaction,0.03223422504921173,7,2,13.0,False
NumCompaniesWorked,0.03218957081853754,7,2,14.0,False
JobSatisfaction,0.03173227731894615,7,2,15.0,False
YearsInCurrentRole,0.03131610343351427,7,2,16.0,False
MaritalStatus,0.030969392207805393,7,2,17.0,False
PercentSalaryHike,0.029846120334277172,7,2,18.0,False
JobLevel,0.028807794756056493,7,2,19.0,False
EducationField,0.026842230821224458,7,2,20.0,False
YearsSinceLastPromotion,0.025387460688966947,7,2,21.0,False
TrainingTimesLastYear,0.022831510195153615,7,2,22.0,False
BusinessTravel,0.02080124725385767,7,2,23.0,False
RelationshipSatisfaction,0.020687327553302045,7,2,24.0,False
JobInvolvement,0.019952591462601296,7,2,25.0,False
Education,0.018569560114137042,7,2,26.0,False
WorkLifeBalance,0.017626893281457934,7,2,27.0,False
Department,0.015532025844143055,7,2,28.0,False
Gender,0.014479326259265199,7,2,29.0,False
PerformanceRating,0.004329934709805793,7,2,30.0,False
OverTime,0.08104174576822296,7,3,1.0,True
MonthlyIncome,0.07226794727628749,7,3,2.0,True
Age,0.060756725213585494,7,3,3.0,True
TotalWorkingYears,0.05506578409654217,7,3,4.0,False
DailyRate,0.04908042528136001,7,3,5.0,False
YearsAtCompany,0.04404576982152182,7,3,6.0,False
HourlyRate,0.04391161811529559,7,3,7.0,False
MonthlyRate,0.04197601758638623,7,3,8.0,False
JobRole,0.04098266164008029,7,3,9.0,False
YearsWithCurrManager,0.03934854208495406,7,3,10.0,False
DistanceFromHome,0.03711450451155722,7,3,11.0,False
StockOptionLevel,0.03345294209594338,7,3,12.0,False
YearsInCurrentRole,0.032830973867835817,7,3,13.0,False
MaritalStatus,0.03222021163797265,7,3,14.0,False
JobLevel,0.03148932973889543,7,3,15.0,False
EducationField,0.030538515454381382,7,3,16.0,False
NumCompaniesWorked,0.030232538925681274,7,3,17.0,False
PercentSalaryHike,0.02827026740094236,7,3,18.0,False
JobSatisfaction,0.02561282992819555,7,3,19.0,False
EnvironmentSatisfaction,0.02528525147247285,7,3,20.0,False
RelationshipSatisfaction,0.02153483442524742,7,3,21.0,False
YearsSinceLastPromotion,0.02050739801958494,7,3,22.0,False
TrainingTimesLastYear,0.019746536587925956,7,3,23.0,False
BusinessTravel,0.01749883609899658,7,3,24.0,False
Education,0.01702257155510146,7,3,25.0,False
Department,0.01699206527051415,7,3,26.0,False
WorkLifeBalance,0.016432606545507863,7,3,27.0,False
JobInvolvement,0.01615476023934626,7,3,28.0,False
Gender,0.014427464867466943,7,3,29.0,False
PerformanceRating,0.0041583244721944855,7,3,30.0,False
OverTime,0.09809391400052822,7,4,1.0,True
MonthlyIncome,0.06944504434554263,7,4,2.0,True
Age,0.0602045490809551,7,4,3.0,True
DailyRate,0.04626271776843831,7,4,4.0,False
TotalWorkingYears,0.046187866678111325,7,4,5.0,False
JobRole,0.044738016028250595,7,4,6.0,False
MonthlyRate,0.04103910125961459,7,4,7.0,False
HourlyRate,0.04053212682915729,7,4,8.0,False
YearsAtCompany,0.03765115991421785,7,4,9.0,False
DistanceFromHome,0.036673994195900526,7,4,10.0,False
StockOptionLevel,0.03455889505841614,7,4,11.0,False
JobSatisfaction,0.030769887941332483,7,4,12.0,False
YearsWithCurrManager,0.029956076640556936,7,4,13.0,False
NumCompaniesWorked,0.02956372378282281,7,4,14.0,False
PercentSalaryHike,0.02843508064363414,7,4,15.0,False
MaritalStatus,0.027464161846733948,7,4,16.0,False
EducationField,0.027393550136437687,7,4,17.0,False
YearsInCurrentRole,0.02736105041975995,7,4,18.0,False
JobLevel,0.025824091312228868,7,4,19.0,False
BusinessTravel,0.025049603704736426,7,4,20.0,False
EnvironmentSatisfaction,0.024786985120729035,7,4,21.0,False
Department,0.024350229346989955,7,4,22.0,False
WorkLifeBalance,0.02356914158512112,7,4,23.0,False
JobInvolvement,0.02279421828597725,7,4,24.0,False
YearsSinceLastPromotion,0.022682129982397395,7,4,25.0,False
TrainingTimesLastYear,0.02215002615344429,7,4,26.0,False
RelationshipSatisfaction,0.019316574975489,7,4,27.0,False
Education,0.01648561271168069,7,4,28.0,False
Gender,0.012283476806824942,7,4,29.0,False
PerformanceRating,0.004376993443970473,7,4,30.0,False
OverTime,0.07383098934197692,7,5,1.0,True
MonthlyIncome,0.06938268205028975,7,5,2.0,True
DailyRate,0.055043911351946445,7,5,3.0,True
Age,0.05414846130836412,7,5,4.0,False
JobRole,0.047101473405005506,7,5,5.0,False
MonthlyRate,0.045576892142917304,7,5,6.0,False
HourlyRate,0.04509226027192617,7,5,7.0,False
TotalWorkingYears,0.04365011313915778,7,5,8.0,False
YearsAtCompany,0.04178305162345524,7,5,9.0,False
DistanceFromHome,0.04096878128203547,7,5,10.0,False
YearsWithCurrManager,0.033622764723623785,7,5,11.0,False
PercentSalaryHike,0.03342253886450144,7,5,12.0,False
EducationField,0.03263009322268687,7,5,13.0,False
StockOptionLevel,0.03224390609199935,7,5,14.0,False
YearsInCurrentRole,0.03143524982201714,7,5,15.0,False
MaritalStatus,0.030586841633164007,7,5,16.0,False
NumCompaniesWorked,0.029913580207771323,7,5,17.0,False
JobSatisfaction,0.026866932847230688,7,5,18.0,False
EnvironmentSatisfaction,0.024777836930262725,7,5,19.0,False
YearsSinceLastPromotion,0.02253634416575236,7,5,20.0,False
TrainingTimesLastYear,0.02225298292822355,7,5,21.0,False
RelationshipSatisfaction,0.0220996265282265,7,5,22.0,False
JobLevel,0.021128946940278188,7,5,23.0,False
BusinessTravel,0.021105041445071693,7,5,24.0,False
Department,0.020905303771686975,7,5,25.0,False
WorkLifeBalance,0.020019374966572804,7,5,26.0,False
JobInvolvement,0.019298977657645825,7,5,27.0,False
Education,0.01801979792633044,7,5,28.0,False
Gender,0.016262370647606744,7,5,29.0,False
PerformanceRating,0.00429287276227295,7,5,30.0,False
OverTime,0.08310752268234933,8,1,1.0,True
MonthlyIncome,0.07309286276723916,8,1,2.0,True
Age,0.05179392530991774,8,1,3.0,True
DailyRate,0.051083374225478005,8,1,4.0,False
TotalWorkingYears,0.046028000052144837,8,1,5.0,False
YearsAtCompany,0.04532343153008553,8,1,6.0,False
HourlyRate,0.04437335456699035,8,1,7.0,False
MonthlyRate,0.043207838622210386,8,1,8.0,False
JobRole,0.04272407081219034,8,1,9.0,False
DistanceFromHome,0.03831332847947846,8,1,10.0,False
YearsWithCurrManager,0.037553473807273655,8,1,11.0,False
YearsInCurrentRole,0.032126700757460554,8,1,12.0,False
NumCompaniesWorked,0.031392292115503644,8,1,13.0,False
StockOptionLevel,0.03121059412618009,8,1,14.0,False
PercentSalaryHike,0.031135154021448754,8,1,15.0,False
JobLevel,0.0309818996805515,8,1,16.0,False
EducationField,0.029565210553455443,8,1,17.0,False
MaritalStatus,0.028195248243664674,8,1,18.0,False
EnvironmentSatisfaction,0.026054062175860777,8,1,19.0,False
JobSatisfaction,0.025841571491296667,8,1,20.0,False
TrainingTimesLastYear,0.02233726879285498,8,1,21.0,False
BusinessTravel,0.02037909393685542,8,1,22.0,False
YearsSinceLastPromotion,0.020130958832264213,8,1,23.0,False
JobInvolvement,0.01992385621856107,8,1,24.0,False
RelationshipSatisfaction,0.019486217136366727,8,1,25.0,False
WorkLifeBalance,0.01862413616257225,8,1,26.0,False
Department,0.01781707378168162,8,1,27.0,False
Education,0.017781445389858923,8,1,28.0,False
Gender,0.016592440478624376,8,1,29.0,False
PerformanceRating,0.0038235932495806805,8,1,30.0,False
OverTime,0.07161610846889777,8,2,1.0,True
MonthlyIncome,0.06495224998839647,8,2,2.0,True
Age,0.06419809334078909,8,2,3.0,True
TotalWorkingYears,0.04702348014364512,8,2,4.0,False
JobRole,0.04673612211532817,8,2,5.0,False
YearsAtCompany,0.04516834406147945,8,2,6.0,False
MonthlyRate,0.045035764356195926,8,2,7.0,False
DailyRate,0.04424242867031346,8,2,8.0,False
DistanceFromHome,0.04418300828185973,8,2,9.0,False
HourlyRate,0.04110824412262252,8,2,10.0,False
StockOptionLevel,0.03994877577113178,8,2,11.0,False
YearsWithCurrManager,0.03126640766219473,8,2,12.0,False
MaritalStatus,0.03109971256842515,8,2,13.0,False
NumCompaniesWorked,0.030494116480834613,8,2,14.0,False
EnvironmentSatisfaction,0.03025922754364651,8,2,15.0,False
EducationField,0.029995622706827825,8,2,16.0,False
PercentSalaryHike,0.029752168982525497,8,2,17.0,False
JobSatisfaction,0.028632488302335765,8,2,18.0,False
YearsInCurrentRole,0.028379608973455657,8,2,19.0,False
JobLevel,0.02620544581675228,8,2,20.0,False
YearsSinceLastPromotion,0.023985696174989836,8,2,21.0,False
TrainingTimesLastYear,0.022343373687569796,8,2,22.0,False
RelationshipSatisfaction,0.02198101796208174,8,2,23.0,False
BusinessTravel,0.02104810425506758,8,2,24.0,False
Department,0.01989773698773905,8,2,25.0,False
WorkLifeBalance,0.018401579340381523,8,2,26.0,False
Education,0.01831103269164526,8,2,27.0,False
JobInvolvement,0.015668955817470447,8,2,28.0,False
Gender,0.013905004058667219,8,2,29.0,False
PerformanceRating,0.004160080666730131,8,2,30.0,False
OverTime,0.08315663656479064,8,3,1.0,True
MonthlyIncome,0.06933875162654439,8,3,2.0,True
Age,0.06164009870669339,8,3,3.0,True
DailyRate,0.05011532947035824,8,3,4.0,False
YearsAtCompany,0.04433896616609828,8,3,5.0,False
TotalWorkingYears,0.043223625167616124,8,3,6.0,False
MonthlyRate,0.04321487103066946,8,3,7.0,False
JobRole,0.041980452823549626,8,3,8.0,False
HourlyRate,0.041550369723230236,8,3,9.0,False
DistanceFromHome,0.04015930029285177,8,3,10.0,False
YearsWithCurrManager,0.03512613482510538,8,3,11.0,False
StockOptionLevel,0.03412030972882951,8,3,12.0,False
MaritalStatus,0.03307885271560078,8,3,13.0,False
PercentSalaryHike,0.03030830962286188,8,3,14.0,False
YearsInCurrentRole,0.03021420615261156,8,3,15.0,False
NumCompaniesWorked,0.029985222120387976,8,3,16.0,False
EducationField,0.02984302237778485,8,3,17.0,False
EnvironmentSatisfaction,0.027532551534124164,8,3,18.0,False
JobSatisfaction,0.025064400081746204,8,3,19.0,False
JobLevel,0.024873868257939826,8,3,20.0,False
YearsSinceLastPromotion,0.02239661024317434,8,3,21.0,False
TrainingTimesLastYear,0.02220303993321287,8,3,22.0,False
RelationshipSatisfaction,0.02112791469094971,8,3,23.0,False
BusinessTravel,0.020945726010973366,8,3,24.0,False
WorkLifeBalance,0.02025722348373387,8,3,25.0,False
JobInvolvement,0.020014000221018152,8,3,26.0,False
Education,0.018214737373835076,8,3,27.0,False
Department,0.017458286492701616,8,3,28.0,False
Gender,0.014122565473821454,8,3,29.0,False
PerformanceRating,0.004394617087185311,8,3,30.0,False
OverTime,0.07134222637622009,8,4,1.0,True
MonthlyIncome,0.06598700857788166,8,4,2.0,True
Age,0.057459514978556225,8,4,3.0,True
DailyRate,0.048957898582038674,8,4,4.0,False
TotalWorkingYears,0.04692250981982928,8,4,5.0,False
HourlyRate,0.046431374033284345,8,4,6.0,False
MonthlyRate,0.04343053349542602,8,4,7.0,False
StockOptionLevel,0.04342504667039451,8,4,8.0,False
JobRole,0.04139335192595734,8,4,9.0,False
DistanceFromHome,0.040806879104950226,8,4,10.0,False
YearsAtCompany,0.03724316225535461,8,4,11.0,False
MaritalStatus,0.03322202334112804,8,4,12.0,False
JobSatisfaction,0.03318141911550715,8,4,13.0,False
YearsWithCurrManager,0.031635963744587804,8,4,14.0,False
PercentSalaryHike,0.030110823347854473,8,4,15.0,False
NumCompaniesWorked,0.029977904944274623,8,4,16.0,False
EnvironmentSatisfaction,0.02997065229192351,8,4,17.0,False
EducationField,0.02826636751931669,8,4,18.0,False
YearsInCurrentRole,0.027681533604225518,8,4,19.0,False
JobLevel,0.02597440884559699,8,4,20.0,False
YearsSinceLastPromotion,0.023754321869934324,8,4,21.0,False
TrainingTimesLastYear,0.023544163721886193,8,4,22.0,False
RelationshipSatisfaction,0.02344219221799547,8,4,23.0,False
BusinessTravel,0.022445009629955784,8,4,24.0,False
JobInvolvement,0.019971394077158217,8,4,25.0,False
Education,0.01900010099230112,8,4,26.0,False
Department,0.018452876044765663,8,4,27.0,False
WorkLifeBalance,0.0166253717540608,8,4,28.0,False
Gender,0.015612497907797455,8,4,29.0,False
PerformanceRating,0.003731469209837226,8,4,30.0,False
MonthlyIncome,0.07798260893069976,8,5,1.0,True
OverTime,0.07530436526950168,8,5,2.0,True
TotalWorkingYears,0.051996405914176744,8,5,3.0,True
DailyRate,0.0516358093963707,8,5,4.0,False
Age,0.0509546086551539,8,5,5.0,False
JobRole,0.04681298197478144,8,5,6.0,False
YearsAtCompany,0.04395124543899451,8,5,7.0,False
HourlyRate,0.04256679308784795,8,5,8.0,False
MonthlyRate,0.041690038665669706,8,5,9.0,False
DistanceFromHome,0.03834997494157348,8,5,10.0,False
YearsInCurrentRole,0.03506556931784861,8,5,11.0,False
YearsWithCurrManager,0.03367399278150616,8,5,12.0,False
MaritalStatus,0.03364238608963751,8,5,13.0,False
PercentSalaryHike,0.03246198277998479,8,5,14.0,False
EducationField,0.030795583764491402,8,5,15.0,False
NumCompaniesWorked,0.029125801631832218,8,5,16.0,False
JobLevel,0.027869871748628556,8,5,17.0,False
JobSatisfaction,0.02550546092596694,8,5,18.0,False
EnvironmentSatisfaction,0.025112293311765316,8,5,19.0,False
StockOptionLevel,0.024631183804515167,8,5,20.0,False
BusinessTravel,0.023116615339757673,8,5,21.0,False
YearsSinceLastPromotion,0.022848595704925836,8,5,22.0,False
TrainingTimesLastYear,0.021338123055378626,8,5,23.0,False
RelationshipSatisfaction,0.02069840141180586,8,5,24.0,False
Department,0.020168599424457687,8,5,25.0,False
JobInvolvement,0.019965902340946983,8,5,26.0,False
WorkLifeBalance,0.017761029266982815,8,5,27.0,False
Education,0.01745285017448187,8,5,28.0,False
Gender,0.013482593115593952,8,5,29.0,False
PerformanceRating,0.004038331734722016,8,5,30.0,False
OverTime,0.0822158496535032,9,1,1.0,True
MonthlyIncome,0.07006431379647363,9,1,2.0,True
Age,0.05591893225503348,9,1,3.0,True
DailyRate,0.049526252159118433,9,1,4.0,False
MonthlyRate,0.04541353896188091,9,1,5.0,False
YearsAtCompany,0.044918961313888124,9,1,6.0,False
HourlyRate,0.043897785229507526,9,1,7.0,False
TotalWorkingYears,0.04376727260635161,9,1,8.0,False
JobRole,0.04359704744420129,9,1,9.0,False
DistanceFromHome,0.04026697480074142,9,1,10.0,False
PercentSalaryHike,0.03365831944606984,9,1,11.0,False
EducationField,0.032590816852974325,9,1,12.0,False
YearsWithCurrManager,0.03225295827676469,9,1,13.0,False
StockOptionLevel,0.0314084453150761,9,1,14.0,False
YearsInCurrentRole,0.030928158016356195,9,1,15.0,False
NumCompaniesWorked,0.029820294688908497,9,1,16.0,False
MaritalStatus,0.027176332360507822,9,1,17.0,False
EnvironmentSatisfaction,0.025992227371135095,9,1,18.0,False
JobLevel,0.025034184013525966,9,1,19.0,False
YearsSinceLastPromotion,0.02481336449510519,9,1,20.0,False
JobSatisfaction,0.024595930125452206,9,1,21.0,False
BusinessTravel,0.02327643077575632,9,1,22.0,False
TrainingTimesLastYear,0.023200890923603106,9,1,23.0,False
RelationshipSatisfaction,0.020086404365810735,9,1,24.0,False
Department,0.020060880249577837,9,1,25.0,False
JobInvolvement,0.019954009185968288,9,1,26.0,False
Education,0.017893120271681492,9,1,27.0,False
WorkLifeBalance,0.016514497773293276,9,1,28.0,False
Gender,0.016385047414581223,9,1,29.0,False
PerformanceRating,0.0047707598571522835,9,1,30.0,False
MonthlyIncome,0.06601377843905014,9,2,1.0,True
OverTime,0.06120002154552402,9,2,2.0,True
Age,0.05761508040923249,9,2,3.0,True
TotalWorkingYears,0.052790707597720456,9,2,4.0,False
YearsAtCompany,0.052081075236924096,9,2,5.0,False
DailyRate,0.04735871279503338,9,2,6.0,False
JobRole,0.04308756521843172,9,2,7.0,False
MonthlyRate,0.04277177936415286,9,2,8.0,False
HourlyRate,0.04123705188014843,9,2,9.0,False
StockOptionLevel,0.03816788209053083,9,2,10.0,False
YearsWithCurrManager,0.03648953065420767,9,2,11.0,False
DistanceFromHome,0.03600744894833263,9,2,12.0,False
MaritalStatus,0.03441256055716715,9,2,13.0,False
NumCompaniesWorked,0.03224694017725015,9,2,14.0,False
YearsInCurrentRole,0.03151146918445141,9,2,15.0,False
JobSatisfaction,0.031231075166131744,9,2,16.0,False
PercentSalaryHike,0.02950631086015769,9,2,17.0,False
EducationField,0.02876241856835034,9,2,18.0,False
JobLevel,0.026057392058706903,9,2,19.0,False
EnvironmentSatisfaction,0.025411113628704757,9,2,20.0,False
RelationshipSatisfaction,0.022787765040210226,9,2,21.0,False
YearsSinceLastPromotion,0.02167614641885414,9,2,22.0,False
WorkLifeBalance,0.02142621105572554,9,2,23.0,False
TrainingTimesLastYear,0.021353451039499514,9,2,24.0,False
BusinessTravel,0.021247412503916818,9,2,25.0,False
JobInvolvement,0.02111865631342401,9,2,26.0,False
Department,0.018089043997904793,9,2,27.0,False
Education,0.01799857258545251,9,2,28.0,False
Gender,0.016154267293902402,9,2,29.0,False
PerformanceRating,0.004188559370901274,9,2,30.0,False
OverTime,0.0840110690024709,9,3,1.0,True
MonthlyIncome,0.06740744642055274,9,3,2.0,True
Age,0.05468372206246363,9,3,3.0,True
DailyRate,0.048928128294477104,9,3,4.0,False
JobRole,0.0452768274864976,9,3,5.0,False
TotalWorkingYears,0.04327196127755388,9,3,6.0,False
StockOptionLevel,0.04159215182348568,9,3,7.0,False
MonthlyRate,0.041549451908157765,9,3,8.0,False
HourlyRate,0.041324020847547834,9,3,9.0,False
DistanceFromHome,0.03962205488536386,9,3,10.0,False
YearsAtCompany,0.03864945535853183,9,3,11.0,False
MaritalStatus,0.03401218221367165,9,3,12.0,False
EnvironmentSatisfaction,0.032059447941479115,9,3,13.0,False
JobSatisfaction,0.031545462477538005,9,3,14.0,False
YearsWithCurrManager,0.03118375841217251,9,3,15.0,False
JobLevel,0.030120287005645542,9,3,16.0,False
PercentSalaryHike,0.029151569230474975,9,3,17.0,False
NumCompaniesWorked,0.029017750926425254,9,3,18.0,False
EducationField,0.02703358624782462,9,3,19.0,False
YearsInCurrentRole,0.02651853128342254,9,3,20.0,False
YearsSinceLastPromotion,0.02309363303291041,9,3,21.0,False
BusinessTravel,0.0217872662308065,9,3,22.0,False
TrainingTimesLastYear,0.021636550793885174,9,3,23.0,False
Department,0.021582997551365703,9,3,24.0,False
JobInvolvement,0.021521412529405887,9,3,25.0,False
RelationshipSatisfaction,0.02137218076223079,9,3,26.0,False
Education,0.017602381000313718,9,3,27.0,False
WorkLifeBalance,0.017492364651774006,9,3,28.0,False
Gender,0.013292942638330071,9,3,29.0,False
PerformanceRating,0.0036594057032206394,9,3,30.0,False
OverTime,0.07810810502064625,9,4,1.0,True
MonthlyIncome,0.07781472717195254,9,4,2.0,True
Age,0.05161482188355022,9,4,3.0,True
DailyRate,0.049701916142633286,9,4,4.0,False
TotalWorkingYears,0.044991682635665775,9,4,5.0,False
MonthlyRate,0.044316504028035573,9,4,6.0,False
YearsAtCompany,0.043868805578348165,9,4,7.0,False
HourlyRate,0.043862588771658134,9,4,8.0,False
DistanceFromHome,0.04298740425493358,9,4,9.0,False
JobRole,0.042898097728394945,9,4,10.0,False
StockOptionLevel,0.03301308817462249,9,4,11.0,False
PercentSalaryHike,0.032508599525366215,9,4,12.0,False
YearsInCurrentRole,0.03222557367555019,9,4,13.0,False
EducationField,0.031022169269730712,9,4,14.0,False
MaritalStatus,0.030976616474248077,9,4,15.0,False
NumCompaniesWorked,0.02975785061807054,9,4,16.0,False
EnvironmentSatisfaction,0.028681434993294376,9,4,17.0,False
YearsWithCurrManager,0.027649477506370125,9,4,18.0,False
JobLevel,0.02617502944042488,9,4,19.0,False
JobSatisfaction,0.025302913005836085,9,4,20.0,False
TrainingTimesLastYear,0.024110240158675127,9,4,21.0,False
BusinessTravel,0.023579578790801636,9,4,22.0,False
WorkLifeBalance,0.022005201724467842,9,4,23.0,False
YearsSinceLastPromotion,0.02164899639684939,9,4,24.0,False
RelationshipSatisfaction,0.021118351763609614,9,4,25.0,False
Education,0.019031075771449135,9,4,26.0,False
JobInvolvement,0.01746044087329892,9,4,27.0,False
Department,0.01666450140606638,9,4,28.0,False
Gender,0.012984197240261872,9,4,29.0,False
PerformanceRating,0.003920009975187929,9,4,30.0,False
OverTime,0.07805314215054543,9,5,1.0,True
MonthlyIncome,0.07246307437071475,9,5,2.0,True
Age,0.06797721897506721,9,5,3.0,True
DailyRate,0.05014773206553445,9,5,4.0,False
TotalWorkingYears,0.047508929754488824,9,5,5.0,False
YearsAtCompany,0.043986832682185215,9,5,6.0,False
HourlyRate,0.04310685778773346,9,5,7.0,False
MonthlyRate,0.042200512358756735,9,5,8.0,False
JobRole,0.041747947878556305,9,5,9.0,False
DistanceFromHome,0.039143391047747354,9,5,10.0,False
YearsWithCurrManager,0.03571941764888788,9,5,11.0,False
EducationField,0.03304530976978405,9,5,12.0,False
YearsInCurrentRole,0.031062918301660535,9,5,13.0,False
MaritalStatus,0.03075648414365998,9,5,14.0,False
PercentSalaryHike,0.030442876566208983,9,5,15.0,False
NumCompaniesWorked,0.030160562079877874,9,5,16.0,False
JobLevel,0.02824482993789791,9,5,17.0,False
StockOptionLevel,0.02802528708690149,9,5,18.0,False
EnvironmentSatisfaction,0.02682990816013338,9,5,19.0,False
JobSatisfaction,0.02588980219136825,9,5,20.0,False
YearsSinceLastPromotion,0.022861552248632927,9,5,21.0,False
TrainingTimesLastYear,0.02104783298968269,9,5,22.0,False
RelationshipSatisfaction,0.020758575627061005,9,5,23.0,False
BusinessTravel,0.01947047921950623,9,5,24.0,False
JobInvolvement,0.01916388851301844,9,5,25.0,False
WorkLifeBalance,0.018815416728919315,9,5,26.0,False
Education,0.017138994689716476,9,5,27.0,False
Department,0.017122653689384516,9,5,28.0,False
Gender,0.01323231668140639,9,5,29.0,False
PerformanceRating,0.0038752546549619864,9,5,30.0,False
OverTime,0.07187176555783117,10,1,1.0,True
MonthlyIncome,0.0695571455347146,10,1,2.0,True
Age,0.05780424764156569,10,1,3.0,True
DailyRate,0.045771517798750196,10,1,4.0,False
TotalWorkingYears,0.04557858097518995,10,1,5.0,False
YearsAtCompany,0.0453137334596209,10,1,6.0,False
HourlyRate,0.04414376087143261,10,1,7.0,False
JobRole,0.04246347926795039,10,1,8.0,False
MonthlyRate,0.04123883571363605,10,1,9.0,False
DistanceFromHome,0.03991678182195038,10,1,10.0,False
StockOptionLevel,0.03844422546759571,10,1,11.0,False
NumCompaniesWorked,0.03625429191820763,10,1,12.0,False
YearsWithCurrManager,0.034232402860288634,10,1,13.0,False
EducationField,0.03281980355633497,10,1,14.0,False
JobLevel,0.032525543288342444,10,1,15.0,False
YearsInCurrentRole,0.031562963638846295,10,1,16.0,False
MaritalStatus,0.030646248085072336,10,1,17.0,False
PercentSalaryHike,0.03007142602739408,10,1,18.0,False
EnvironmentSatisfaction,0.02738342319122483,10,1,19.0,False
JobSatisfaction,0.02464561717624295,10,1,20.0,False
YearsSinceLastPromotion,0.02399632435308342,10,1,21.0,False
JobInvolvement,0.021163570137010288,10,1,22.0,False
BusinessTravel,0.020837014965758283,10,1,23.0,False
TrainingTimesLastYear,0.020018627241737124,10,1,24.0,False
RelationshipSatisfaction,0.019677333795712983,10,1,25.0,False
WorkLifeBalance,0.018319924867948853,10,1,26.0,False
Department,0.017749252594439387,10,1,27.0,False
Education,0.01709190799541843,10,1,28.0,False
Gender,0.01487757748936279,10,1,29.0,False
PerformanceRating,0.004022672707336665,10,1,30.0,False
OverTime,0.10089181947908346,10,2,1.0,True
MonthlyIncome,0.06916525948365812,10,2,2.0,True
Age,0.0571439256328709,10,2,3.0,True
JobRole,0.04987268002671676,10,2,4.0,False
DailyRate,0.04758936893094594,10,2,5.0,False
TotalWorkingYears,0.045682239711915,10,2,6.0,False
YearsAtCompany,0.04472220784027902,10,2,7.0,False
MonthlyRate,0.04243932550849628,10,2,8.0,False
HourlyRate,0.04229078146037661,10,2,9.0,False
DistanceFromHome,0.03679673499482631,10,2,10.0,False
YearsWithCurrManager,0.035780605596863614,10,2,11.0,False
EducationField,0.030744996939094424,10,2,12.0,False
MaritalStatus,0.030220225627327978,10,2,13.0,False
PercentSalaryHike,0.030137350247600763,10,2,14.0,False
YearsInCurrentRole,0.029454793826547546,10,2,15.0,False
JobSatisfaction,0.029436588221681582,10,2,16.0,False
EnvironmentSatisfaction,0.028227785300278092,10,2,17.0,False
NumCompaniesWorked,0.027639972064500626,10,2,18.0,False
StockOptionLevel,0.02607673434865179,10,2,19.0,False
JobLevel,0.022146356335610125,10,2,20.0,False
YearsSinceLastPromotion,0.02148726470142371,10,2,21.0,False
BusinessTravel,0.02104617392741283,10,2,22.0,False
TrainingTimesLastYear,0.020238688750962755,10,2,23.0,False
RelationshipSatisfaction,0.01956734597441079,10,2,24.0,False
WorkLifeBalance,0.018386173627547343,10,2,25.0,False
Education,0.01773192442938988,10,2,26.0,False
Department,0.017645518699208523,10,2,27.0,False
JobInvolvement,0.017628544010968732,10,2,28.0,False
Gender,0.014696485888800072,10,2,29.0,False
PerformanceRating,0.005112128412550553,10,2,30.0,False
OverTime,0.07802826012525801,10,3,1.0,True
MonthlyIncome,0.0673647112537791,10,3,2.0,True
Age,0.05593022070685235,10,3,3.0,True
DailyRate,0.05006493352622683,10,3,4.0,False
YearsAtCompany,0.04984001616397864,10,3,5.0,False
TotalWorkingYears,0.04604066663556223,10,3,6.0,False
MonthlyRate,0.04601238631497954,10,3,7.0,False
JobRole,0.04147398308573832,10,3,8.0,False
DistanceFromHome,0.041344607725770366,10,3,9.0,False
HourlyRate,0.041012756598619776,10,3,10.0,False
YearsWithCurrManager,0.03659616528304966,10,3,11.0,False
PercentSalaryHike,0.03244614922458242,10,3,12.0,False
StockOptionLevel,0.032232295424919885,10,3,13.0,False
NumCompaniesWorked,0.030089061699709256,10,3,14.0,False
JobSatisfaction,0.02959665711321904,10,3,15.0,False
EducationField,0.029393468171893422,10,3,16.0,False
YearsInCurrentRole,0.029376264373771027,10,3,17.0,False
JobLevel,0.027508044997420586,10,3,18.0,False
MaritalStatus,0.02739418985942077,10,3,19.0,False
EnvironmentSatisfaction,0.02608905731811673,10,3,20.0,False
TrainingTimesLastYear,0.023080647839637952,10,3,21.0,False
YearsSinceLastPromotion,0.022826589904019385,10,3,22.0,False
RelationshipSatisfaction,0.02273005277953401,10,3,23.0,False
JobInvolvement,0.021715312191662194,10,3,24.0,False
Department,0.01955194699980145,10,3,25.0,False
Education,0.018774590722060547,10,3,26.0,False
BusinessTravel,0.018538105543919086,10,3,27.0,False
WorkLifeBalance,0.016247310025921786,10,3,28.0,False
Gender,0.014298542406776214,10,3,29.0,False
PerformanceRating,0.004403005983799322,10,3,30.0,False
OverTime,0.069772811448572,10,4,1.0,True
MonthlyIncome,0.06820616848125864,10,4,2.0,True
Age,0.05351385438607498,10,4,3.0,True
DailyRate,0.052467976510612496,10,4,4.0,False
MonthlyRate,0.04615479152044837,10,4,5.0,False
JobRole,0.044278233767682876,10,4,6.0,False
TotalWorkingYears,0.044037851305599555,10,4,7.0,False
HourlyRate,0.043829804475247536,10,4,8.0,False
YearsAtCompany,0.04124365048499114,10,4,9.0,False
DistanceFromHome,0.04061160293927729,10,4,10.0,False
YearsWithCurrManager,0.03605503935882458,10,4,11.0,False
YearsInCurrentRole,0.0351125419447297,10,4,12.0,False
MaritalStatus,0.03337069489816038,10,4,13.0,False
StockOptionLevel,0.031246038227091936,10,4,14.0,False
EducationField,0.03039467159836192,10,4,15.0,False
NumCompaniesWorked,0.03008943986484204,10,4,16.0,False
PercentSalaryHike,0.029188177212319102,10,4,17.0,False
EnvironmentSatisfaction,0.028893960955290402,10,4,18.0,False
JobLevel,0.025995565880982195,10,4,19.0,False
JobSatisfaction,0.02576713230431761,10,4,20.0,False
BusinessTravel,0.02497880285501248,10,4,21.0,False
TrainingTimesLastYear,0.022888923837605598,10,4,22.0,False
YearsSinceLastPromotion,0.022008121250275913,10,4,23.0,False
WorkLifeBalance,0.021964368984011214,10,4,24.0,False
RelationshipSatisfaction,0.021412946300263892,10,4,25.0,False
JobInvolvement,0.019003226093483618,10,4,26.0,False
Department,0.018895119261580474,10,4,27.0,False
Education,0.018445772031217885,10,4,28.0,False
Gender,0.015809328580597984,10,4,29.0,False
PerformanceRating,0.004363383241266109,10,4,30.0,False
MonthlyIncome,0.07255922724120688,10,5,1.0,True
OverTime,0.06988234039831612,10,5,2.0,True
Age,0.05899205365440116,10,5,3.0,True
DailyRate,0.04939740256115913,10,5,4.0,False
TotalWorkingYears,0.048651241069404584,10,5,5.0,False
HourlyRate,0.04344054899965626,10,5,6.0,False
MonthlyRate,0.0432329218925135,10,5,7.0,False
StockOptionLevel,0.04284905792361404,10,5,8.0,False
DistanceFromHome,0.04275245855376791,10,5,9.0,False
JobRole,0.04235665720649199,10,5,10.0,False
YearsAtCompany,0.04161573999571583,10,5,11.0,False
MaritalStatus,0.03532269325749442,10,5,12.0,False
JobLevel,0.030914196896520123,10,5,13.0,False
PercentSalaryHike,0.030456636782588045,10,5,14.0,False
YearsInCurrentRole,0.030025782450054436,10,5,15.0,False
YearsWithCurrManager,0.028633682473490282,10,5,16.0,False
JobSatisfaction,0.02858677881081472,10,5,17.0,False
NumCompaniesWorked,0.028581237963004526,10,5,18.0,False
EducationField,0.028234257179177377,10,5,19.0,False
EnvironmentSatisfaction,0.023931179130940367,10,5,20.0,False
BusinessTravel,0.022687459311419095,10,5,21.0,False
YearsSinceLastPromotion,0.022684941398286047,10,5,22.0,False
TrainingTimesLastYear,0.021486456353320436,10,5,23.0,False
RelationshipSatisfaction,0.020540708850638835,10,5,24.0,False
WorkLifeBalance,0.01952623799591454,10,5,25.0,False
Education,0.018328655666410003,10,5,26.0,False
Department,0.018217962913697622,10,5,27.0,False
JobInvolvement,0.01819633817173933,10,5,28.0,False
Gender,0.013677020929848693,10,5,29.0,False
PerformanceRating,0.00423812396839356,10,5,30.0,False
